{
   "dashboards": [{
      "autoswitchEnabled": false,
      "columnCount": 1,
      "columnProportion": "1",
      "creationTime": 1543343802911,
      "description": "",
      "disabled": false,
      "gridsterMaxColumns": 12,
      "hidden": true,
      "homeTab": false,
      "id": "dc1d15ac-6ec9-4cc2-ae94-82b8a473ec9a",
      "importAttempts": 0,
      "importComplete": true,
      "isDefault": false,
      "locked": false,
      "name": "Custom Capacity Allocation Overview",
      "namePath": "Capacity & Utilization",
      "rank": 121,
      "shared": false,
      "temporary": false,
      "userId": "87a15df6-df0b-4b3b-be18-9c5e69ed78e3",
      "widgetInteractions": [],
      "widgets": [
         {
            "collapsed": false,
            "config": {
               "boxColumns": 6,
               "boxHeight": null,
               "labelSize": 12,
               "maxCellCount": 100,
               "metric": {
                  "mode": "resourceKind",
                  "resourceKindMetrics": [
                     {
                        "colorMethod": 2,
                        "id": "extModel2937-5",
                        "isStringMetric": false,
                        "label": "vCenter Server(s)",
                        "metricKey": "summary|total_number_vcenters",
                        "metricName": "Summary|Total Number of vCenter Server(s)",
                        "metricUnitId": null,
                        "orangeBound": null,
                        "redBound": null,
                        "resourceKindId": "resourceKind:id:0_::_",
                        "resourceKindName": "vSphere World",
                        "unit": "",
                        "yellowBound": null
                     },
                     {
                        "colorMethod": 2,
                        "id": "extModel2937-1",
                        "isStringMetric": false,
                        "label": "Datacenter(s)",
                        "metricKey": "summary|total_number_datacenters",
                        "metricName": "Summary|Total Number of Datacenters",
                        "metricUnitId": null,
                        "orangeBound": null,
                        "redBound": null,
                        "resourceKindId": "resourceKind:id:0_::_",
                        "resourceKindName": "vSphere World",
                        "unit": "",
                        "yellowBound": null
                     },
                     {
                        "colorMethod": 2,
                        "id": "extModel2937-2",
                        "isStringMetric": false,
                        "label": "Cluster(s)",
                        "metricKey": "summary|total_number_clusters",
                        "metricName": "Summary|Total Number of Clusters",
                        "metricUnitId": null,
                        "orangeBound": null,
                        "redBound": null,
                        "resourceKindId": "resourceKind:id:0_::_",
                        "resourceKindName": "vSphere World",
                        "unit": "",
                        "yellowBound": null
                     },
                     {
                        "colorMethod": 2,
                        "id": "extModel2937-3",
                        "isStringMetric": false,
                        "label": "Host(s)",
                        "metricKey": "summary|total_number_hosts",
                        "metricName": "Summary|Total Number of Hosts",
                        "metricUnitId": null,
                        "orangeBound": null,
                        "redBound": null,
                        "resourceKindId": "resourceKind:id:0_::_",
                        "resourceKindName": "vSphere World",
                        "unit": "",
                        "yellowBound": null
                     },
                     {
                        "colorMethod": 2,
                        "id": "extModel2937-4",
                        "isStringMetric": false,
                        "label": "VM(s)",
                        "metricKey": "summary|total_number_vms",
                        "metricName": "Summary|Total Number of VMs",
                        "metricUnitId": null,
                        "orangeBound": null,
                        "redBound": null,
                        "resourceKindId": "resourceKind:id:0_::_",
                        "resourceKindName": "vSphere World",
                        "unit": "",
                        "yellowBound": null
                     },
                     {
                        "colorMethod": 2,
                        "id": "extModel12617-1",
                        "isStringMetric": false,
                        "label": "VMs per Host",
                        "metricKey": "summary|vm_count_per_host",
                        "metricName": "Summary|VM Count per Host",
                        "metricUnitId": ": 1",
                        "orangeBound": null,
                        "redBound": null,
                        "resourceKindId": "resourceKind:id:0_::_",
                        "resourceKindName": "vSphere World",
                        "unit": ": 1",
                        "yellowBound": null
                     },
                     {
                        "colorMethod": 2,
                        "id": "extModel7997-1",
                        "isStringMetric": false,
                        "label": "CPU Cores",
                        "metricKey": "cpu|corecount_provisioned",
                        "metricName": "CPU|Number of physical CPUs",
                        "metricUnitId": "7001",
                        "orangeBound": null,
                        "redBound": null,
                        "resourceKindId": "resourceKind:id:0_::_",
                        "resourceKindName": "vSphere World",
                        "unit": "Cores",
                        "yellowBound": null
                     },
                     {
                        "colorMethod": 2,
                        "id": "extModel2937-7",
                        "isStringMetric": false,
                        "label": "Allocated vCPUs",
                        "metricKey": "cpu|vcpus_allocated_on_all_vms",
                        "metricName": "CPU|vCPUs Allocated on All VMs",
                        "metricUnitId": null,
                        "orangeBound": null,
                        "redBound": null,
                        "resourceKindId": "resourceKind:id:0_::_",
                        "resourceKindName": "vSphere World",
                        "unit": "",
                        "yellowBound": null
                     },
                     {
                        "colorMethod": 2,
                        "id": "extModel6325-1",
                        "isStringMetric": false,
                        "label": "vCPU to pCPU Ratio",
                        "metricKey": "cpu|vcpus_to_cores_allocation_ratio",
                        "metricName": "CPU|vCPUs to Cores Allocation Ratio",
                        "metricUnitId": ": 1",
                        "orangeBound": null,
                        "redBound": null,
                        "resourceKindId": "resourceKind:id:0_::_",
                        "resourceKindName": "vSphere World",
                        "unit": ": 1",
                        "yellowBound": null
                     },
                     {
                        "colorMethod": 2,
                        "id": "extModel7997-2",
                        "isStringMetric": false,
                        "label": "Total Memory",
                        "metricKey": "mem|host_provisioned",
                        "metricName": "Memory|Total Capacity",
                        "metricUnitId": "TB",
                        "orangeBound": null,
                        "redBound": null,
                        "resourceKindId": "resourceKind:id:0_::_",
                        "resourceKindName": "vSphere World",
                        "unit": "TB",
                        "yellowBound": null
                     },
                     {
                        "colorMethod": 2,
                        "id": "extModel2937-6",
                        "isStringMetric": false,
                        "label": "Allocated Memory",
                        "metricKey": "mem|memory_allocated_on_all_vms",
                        "metricName": "Memory|Memory Allocated on All VMs",
                        "metricUnitId": "TB",
                        "orangeBound": null,
                        "redBound": null,
                        "resourceKindId": "resourceKind:id:0_::_",
                        "resourceKindName": "vSphere World",
                        "unit": "TB",
                        "yellowBound": null
                     },
                     {
                        "colorMethod": 2,
                        "id": "extModel2937-8",
                        "isStringMetric": false,
                        "label": "vMem to pMem Ratio",
                        "metricKey": "mem|virtual_to_physical_memory_allocation_ratio",
                        "metricName": "Memory|Virtual to Physical Memory Allocation Ratio",
                        "metricUnitId": ": 1",
                        "orangeBound": null,
                        "redBound": null,
                        "resourceKindId": "resourceKind:id:0_::_",
                        "resourceKindName": "vSphere World",
                        "unit": ": 1",
                        "yellowBound": null
                     }
                  ],
                  "resourceMetrics": []
               },
               "mode": {"layoutMode": "fixedView"},
               "periodLength": null,
               "refreshContent": {"refreshContent": true},
               "refreshInterval": 300,
               "relationshipMode": {"relationshipMode": 0},
               "resInteractionMode": null,
               "roundDecimals": 1,
               "selfProvider": {"selfProvider": true},
               "showDT": {"showDT": false},
               "showMetricName": {"showMetricName": true},
               "showMetricUnit": {"showMetricUnit": true},
               "showResourceName": {"showResourceName": false},
               "showSparkline": {"showSparkline": false},
               "title": "Allocation Summary",
               "valueSize": 24,
               "visualTheme": 4
            },
            "gridsterCoords": {
               "h": 4,
               "w": 11,
               "x": 1,
               "y": 1
            },
            "height": 210,
            "id": "bfd4833a-3348-4d28-8b1e-0d235f3cc2d2",
            "title": "Allocation Summary",
            "type": "Scoreboard"
         },
         {
            "collapsed": true,
            "config": {
               "editorData": "",
               "locationFile": "",
               "locationUrl": "ContentPack/VMWARE/conf/pages/capacity_allocation_overview/index.html?locale=%locale%",
               "refreshContent": {"refreshContent": false},
               "refreshInterval": 300,
               "title": "Allocation Percent Based on Overcommit Ratios",
               "viewModeHTML": true
            },
            "gridsterCoords": {
               "h": 1,
               "w": 11,
               "x": 1,
               "y": 5
            },
            "height": 268,
            "id": "fbf9557e-24b7-4948-aa0e-669c36dda094",
            "title": "Allocation Percent Based on Overcommit Ratios",
            "type": "TextDisplay"
         },
         {
            "collapsed": false,
            "config": {
               "chartViewItems": [],
               "refreshContent": {"refreshContent": false},
               "refreshInterval": 300,
               "resource": {
                  "adapterKindId": "VMWARE",
                  "allowDrag": true,
                  "allowDrop": true,
                  "checked": null,
                  "children": null,
                  "cls": "",
                  "depth": 1,
                  "expandable": true,
                  "expanded": false,
                  "href": "",
                  "hrefTarget": "",
                  "icon": "",
                  "iconCls": "resknd_default_vmware_vsphereworld",
                  "iconSrc": "images/resknd/default/16x16/VMWARE_vSphere World.png",
                  "id": "652ec7d3-4e7f-4463-b5b2-64f75af7899b",
                  "index": 0,
                  "isFirst": true,
                  "isLast": true,
                  "leaf": false,
                  "loaded": false,
                  "loading": false,
                  "nodeType": "resource",
                  "parentId": "source",
                  "qshowDelay": 0,
                  "qtip": "",
                  "qtitle": "",
                  "resourceId": "resource:id:0_::_",
                  "resourceKindId": "002006VMWAREvSphere World",
                  "resourceKindKey": "vSphere World",
                  "resourceKindName": "vSphere World",
                  "resourceKindType": 8,
                  "resourceName": "vSphere World",
                  "root": false,
                  "rootResourceId": "652ec7d3-4e7f-4463-b5b2-64f75af7899b",
                  "text": "vSphere World",
                  "traversalSpecId": "vSphere Hosts and Clusters-VMWARE-vSphere World",
                  "uniqueId": "652ec7d3-4e7f-4463-b5b2-64f75af7899b_1543343970579",
                  "visible": true
               },
               "selectFirstRow": {"selectFirstRow": false},
               "selfProvider": {"selfProvider": true},
               "title": "Current Allocation Percentage for Clusters",
               "traversalSpecId": null,
               "viewDefinitionId": "26f1e94a-6829-429c-b617-6f68d584acbb"
            },
            "gridsterCoords": {
               "h": 9,
               "w": 11,
               "x": 1,
               "y": 6
            },
            "height": 495,
            "id": "1390342c-0d1f-49ec-8808-f976430017d5",
            "title": "Current Allocation Percentage for Clusters",
            "type": "View"
         }
      ]
   }],
   "entries": {
      "resource": [{
         "adapterKindKey": "VMWARE",
         "identifiers": [],
         "internalId": "resource:id:0_::_",
         "name": "vSphere World",
         "resourceKindKey": "vSphere World"
      }],
      "resourceKind": [{
         "adapterKindKey": "VMWARE",
         "internalId": "resourceKind:id:0_::_",
         "resourceKindKey": "vSphere World"
      }]
   },
   "uuid": "31534219-55ae-4b8a-8d65-87db4cc862fc"
}